<?xml version="1.0" encoding="ISO-8859-1"?>
<!-- [y] hybris Platform Copyright (c) 2000-2013 hybris AG All rights reserved. 
	This software is the confidential and proprietary information of hybris ("Confidential 
	Information"). You shall not disclose such Confidential Information and shall 
	use it only in accordance with the terms of the license agreement you entered 
	into with hybris. -->
<configuration xmlns="hybris.de/schemas/hmc/generic"
	xmlns:xsi="http://www.w3.org/2001/XMLSchema-instance"
	xsi:schemaLocation="hybris.de/schemas/hmc/generic hmc.xsd">


	<!-- Configuration for extension bnccore -->

	<explorertree>
		<group name="Config" description="Config">
			<typeref type="Config" description="max value" />
		</group>
	</explorertree>



	<type name="Config" mode="append">
		<organizer>
			<search mode="replace">
				<condition attribute="ValueHolder" />
			</search>
			<result>
				<listview mode="replace">
					<itemlayout>
						<attribute name="ValueHolder" />
					</itemlayout>
				</listview>
			</result>
			<editor>
				<essentials>
					<listlayout>
						<attribute name="ValueHolder" />
					</listlayout>
				</essentials>
				<tab name="tab.Config">
					<section name="section.Config">
						<listlayout>
							<attribute name="ValueHolder" />
						</listlayout>
					</section>
				</tab>
			</editor>
		</organizer>
	</type>
	
	<type name="Consignment" mode="append">
		<organizer>
			<editor mode="append">
				<tab name="properties" position="0" mode="append">
					<section name="consignment.details">
						<listlayout mode="append">
							<action type="item"
								classname="com.acc.core.hmc.PickupConfirmationHMCAction" name="btn.consignment.confirm.pickup" />
						</listlayout>
					</section>
				</tab>
			</editor>
		</organizer>
	</type>

</configuration>
