<?xml version="1.0" encoding="UTF-8"?>
<!--
 [y] hybris Platform

 Copyright (c) 2000-2013 hybris AG
 All rights reserved.

 This software is the confidential and proprietary information of hybris
 ("Confidential Information"). You shall not disclose such Confidential
 Information and shall use it only in accordance with the terms of the
 license agreement you entered into with hybris.
-->


<!--
. WARNING: This is the CUSTOM Spring WEB configuration file used for cmscockpit 
. web application.
-->

<beans xmlns="http://www.springframework.org/schema/beans"
	xmlns:xsi="http://www.w3.org/2001/XMLSchema-instance"
	xsi:schemaLocation="http://www.springframework.org/schema/beans http://www.springframework.org/schema/beans/spring-beans-3.1.xsd"
	default-autowire="byName">

<alias alias="synchronizationService" name="defaultSynchronizationService" />
	<bean id="defaultSynchronizationService" class="de.hybris.platform.cmscockpit.sync.CMSSynchronizationService"  autowire="byName">
		<property name="relatedReferencesTypesMap">
			<map>
				<entry key="AbstractPage">
					<list>
						<value>AbstractPage.restrictions</value>
						<value>AbstractPage.contentSlots</value>
						<value>ContentSlotForPage.contentSlot</value>
						<value>ContentSlot.cmsComponents</value>
						<value>AbstractCMSComponentContainer.simpleCMSComponents</value>
						<value>AbstractCMSComponentContainer.currentCMSComponents</value>
						<value>RotatingImagesComponent.banners</value>
						<value>AbstractCMSComponent.restrictions</value>
					</list>
				</entry>
				<entry key="AbstractCMSComponent">
					<list>
						<value>AbstractCMSComponentContainer.simpleCMSComponents</value>
						<value>AbstractCMSComponentContainer.currentCMSComponents</value>
						<value>RotatingImagesComponent.banners</value>
						<value>AbstractCMSComponent.restrictions</value>
						<value>NavigationBarComponent.link</value>
					</list>
				</entry>
				<entry key="CMSNavigationNode">
					<list>
						<value>CMSNavigationNode.children</value>
						<value>CMSNavigationNode.entries</value>  
						<value>CMSNavigationNode.links</value>
						<value>CMSNavigationEntry.item</value>
						<value>CMSLinkComponent</value>
					</list>
				</entry>
			</map>
		</property>
	</bean>


	<alias name="accBrowserFilterFactory" alias="browserFilterFactory" />
	<bean id="accBrowserFilterFactory" class="de.hybris.platform.cockpit.session.BrowserFilterFactory"
		>
		<property name="browserFilters">
			<map>
				<entry key="AbstractPage">
					<list>
						<ref bean="desktopUiExperienceBrowserFilter" />
						<ref bean="mobileUiExperienceBrowserFilter" />
					</list>
				</entry>
			</map>
		</property>
	</bean>

	<bean id="abstractUiExperienceBrowserFilter" abstract="true" class="com.acc.cockpits.cmscockpit.browser.filters.AbstractUiExperienceFilter" >
		<property name="typeService" ref="cockpitTypeService"/>
	</bean>
	<bean id="mobileUiExperienceBrowserFilter" parent="abstractUiExperienceBrowserFilter" class="com.acc.cockpits.cmscockpit.browser.filters.MobileUiExperienceBrowserFilter" />
	<bean id="desktopUiExperienceBrowserFilter" parent="abstractUiExperienceBrowserFilter" class="com.acc.cockpits.cmscockpit.browser.filters.DesktopUiExperienceBrowserFilter" />

	<alias alias="cmsSearchProvider" name="uiExperienceCmsSearchProvider" />
	<bean id="uiExperienceCmsSearchProvider"  class="com.acc.cockpits.cmscockpit.services.impl.UiExperienceCmsSearchProvider" />

</beans>