<?xml version="1.0" encoding="UTF-8"?>
<hybrisconfig xmlns:xsi="http://www.w3.org/2001/XMLSchema-instance" xsi:noNamespaceSchemaLocation="resources/schemas/extensions.xsd">
	<extensions>
		<!-- 
				All extensions located in ${HYBRIS_BIN_DIR}/platform/ext are automatically loaded. 
				More information about how to configure available extensions can be found here : https://wiki.hybris.com/x/nZVzC
		-->
				
		<path dir="${HYBRIS_BIN_DIR}" />
		

										
		<!-- ext-platform -->
		<extension name="admincockpit" />
		<extension name="backoffice" />
		<extension name="cockpit" />
		<extension name="hmc" />
		<extension name="mcc" />
		<extension name="platformhmc" />

										
		<!-- ext-platform-optional -->

												
		<!-- <extension name="amazoncloud" />-->

												
		<!-- <extension name="azurecloud" />-->

												
		<!-- <extension name="corepluscommons" />-->

												
		<!-- <extension name="embeddedserver" />-->

												
		<!-- <extension name="gridfsstorage" />-->

												
		<!-- <extension name="ldap" />-->

												
		<!-- <extension name="lucenesearch" />-->

												
		<!-- <extension name="lucenesearchhmc" />-->

												
		<!-- <extension name="mediaconversion" />-->

												
		<!-- <extension name="platformwebservices" />-->

												
		<!-- <extension name="reportcockpit" />-->

												
		<!-- <extension name="tomcatembeddedserver" />-->

												
		<!-- <extension name="virtualjdbc" />-->

										
		<!-- ext-commerce -->
		<extension name="btg" />
		<extension name="btgcockpit" />
		<extension name="commercesearch" />
		<extension name="commercesearchbackoffice" />
		<extension name="commercesearchhmc" />
		<extension name="commerceservices" />
		<extension name="basecommerce" />
		<extension name="payment" />
		<extension name="promotions" />
		<extension name="voucher" />
		<extension name="customerreview" />
		<extension name="ticketsystem" />
		<extension name="solrfacetsearch" />
		<extension name="solrfacetsearchhmc" />
		<extension name="b2bcommerce" />
		<extension name="b2bapprovalprocess" />
		<extension name="b2badmincockpit" />
		<extension name="oci" />
		<extension name="cybersource" />
		<extension name="wishlist" />
		<extension name="commercefacades" />

												
		<!-- <extension name="configurablebundleservices" />-->

												
		<!-- <extension name="configurablebundlecockpits" />-->

												
		<!-- <extension name="subscriptionservices" />-->

												
		<!-- <extension name="subscriptionfacades" />-->

												
		<!-- <extension name="subscriptioncockpits" />-->

										
		<!-- ext-data -->
		<extension name="commercesearchsampledata" />
		<extension name="apparelstore" />
		<extension name="electronicsstore" />
		<extension name="b2bacceleratorsampledata" />
		<extension name="sampledata" />
		<extension name="instoresampledata" />

												
		<!-- <extension name="omssampledata" />-->

												
		<!-- <extension name="ondemandsampledata" />-->

												
		<!-- <extension name="cissampledata" />-->

												
		<!-- <extension name="telcoacceleratorsampledata" />-->

												
		<!-- <extension name="chinastoreelectronics" />-->

										
		<!-- ext-content -->
		<extension name="productcockpit" />
		<extension name="cms2" />
		<extension name="cms2lib" />
		<extension name="cmscockpit" />
		<extension name="bmecat" />
		<extension name="bmecathmc" />
		<extension name="importcockpit" />
		<extension name="classificationsystems" />
		<extension name="classificationsystemshmc" />

										
		<!-- ext-channel -->
		<extension name="cscockpit" />
		<extension name="mobileoptionals" />
		<extension name="mobileservices" />
		<extension name="instore" />

										
		<!-- ext-addon -->
		<extension name="addonsupport" />
		<extension name="b2ccheckoutaddon" />

												
		<!-- <extension name="captchaaddon" />-->

												
		<!-- <extension name="sbgdemostorefront" />-->

												
		<!-- <extension name="cissubscription" />-->

												
		<!-- <extension name="omsclient" />-->

												
		<!-- <extension name="omsats" />-->

												
		<!-- <extension name="omsorders" />-->

												
		<!-- <extension name="omsbackoffice" />-->

												
		<!-- <extension name="dataonboardingclient" />-->

												
		<!-- <extension name="dataonboardingbackoffice" />-->

												
		<!-- <extension name="ciscommons" />-->

												
		<!-- <extension name="ondemandcommon" />-->

												
		<!-- <extension name="cisavs" />-->

												
		<!-- <extension name="cispayment" />-->

												
		<!-- <extension name="cistax" />-->

												
		<!-- <extension name="sbgdemostorefront" />-->

												
		<!-- <extension name="cissubscription" />-->

												
		<!-- <extension name="chinacheckoutaddon" />-->

												
		<!-- <extension name="jiathis" />-->

										
		<!-- ext-print -->
		<extension name="print" />
		<extension name="printcockpit" />
		<extension name="printhmc" />

										
		<!-- ext-template -->
<!--		<extension name="ycommercewebservices" />
		<extension name="ycommercewebserviceshmc" />-->
<!--		<extension name="yacceleratorfulfilmentprocess" /> -->
		<extension name="yaddon" />
<!--		<extension name="yacceleratortest" />
		<extension name="yacceleratorstorefront" /> 
		<extension name="yacceleratorinitialdata" />
		<extension name="yacceleratorcockpits" />  -->
		<extension name="yb2bacceleratorcore" />
		<extension name="yb2bacceleratorfacades" />
		<extension name="yb2bacceleratorinitialdata" />
		<extension name="yb2bacceleratorstorefront" />
		<extension name="yb2bacceleratortest" />
		<extension name="yinstoreinitialdata" />

		<extension name="bnctest" />
		<extension name="bncstorefront" />
		<extension name="bncfacades" />
		<extension name="bnccore" />
		<extension name="bncinitialdata" />
		<extension name="bnccockpits" />
		<extension name="bncfulfilmentprocess" />
		<extension name="bncwebservices" />
		<extension name="bncwebserviceshmc" />
		
		
		
												
		<!-- <extension name="ybackoffice" />-->

												
		<!-- <extension name="ycockpit" />-->

												
		<!-- <extension name="yempty" />-->

												
		<!-- <extension name="ytelcoacceleratorcockpits" />-->

												
		<!-- <extension name="ytelcoacceleratorfacades" />-->

												
		<!-- <extension name="ytelcoacceleratorstorefront" />-->

												
		<!-- <extension name="ytelcoacceleratorcore" />-->

												
		<!-- <extension name="ytelcoacceleratorinitialdata" />-->

												
		<!-- <extension name="yacceleratorcore" />-->

												
		<!-- <extension name="yacceleratorfacades" />-->

												
		<!-- <extension name="ychinaacceleratorstorefront" />-->

										
		<!-- ext-accelerator -->
		<extension name="acceleratorservices" />
		<extension name="acceleratorfacades" />
		<extension name="acceleratorcms" />
		<extension name="acceleratorstorefrontcommons" />
		<extension name="b2bacceleratorfacades" />
		<extension name="b2bacceleratorservices" />

		
	
		
		
												
		<!-- <extension name="chinaacceleratorservices" />-->

												
		<!-- <extension name="chinaacceleratorfacades" />-->

												
		<!-- <extension name="alipay" />-->

				
	</extensions>
</hybrisconfig>