<?xml version="1.0" encoding="utf-8"?>
<process xmlns="http://www.hybris.de/xsd/processdefinition" start="generateForgottenPasswordEmail" name="forgottenPasswordEmailProcess"
		processClass="de.hybris.platform.commerceservices.model.process.ForgottenPasswordProcessModel" onError="error">

	<action id="generateForgottenPasswordEmail" bean="generateForgottenPasswordEmail">
		<transition name="OK" to="sendEmail"/>
		<transition name="NOK" to="error"/>
	</action>

	<action id="sendEmail" bean="sendEmail">
		<transition name="OK" to="removeSentEmail"/>
		<transition name="NOK" to="failed"/>
	</action>

	<action id="removeSentEmail" bean="removeSentEmail">
		<transition name="OK" to="success"/>
		<transition name="NOK" to="error"/>
	</action>
	
	<end id="error" state="ERROR">Something went wrong.</end>
	<end id="failed" state="FAILED">Could not send forgotten password email.</end>
	<end id="success" state="SUCCEEDED">Sent forgotten password email.</end>

</process>